PDB_NAME,Sequence,IC50(nM),PRODIGY,DFIRE,CP_PIE,Kdeep,RF-Score,PPI-Affiniy
408-413,LVRYTK,9295,-5.9,-19.3,0.9,-9.3,-9.5,-6.7
408-414,LVRYTKK,482,-6.2,-20.5,0.9,-10.6,-9.7,-6.6
408-415,LVRYTKKV,562,-6.2,-21.6,1.0,-10.8,-9.8,-6.7
408-417,LVRYTKKVPQ,1103,-7.1,-23.5,1.0,-11.6,-9.8,-7.8
408-418,LVRYTKKVPQV,1364,-7,-24.4,1.1,-12.6,-9.7,-7.7
408-420,LVRYTKKVPQVST,1102,-8.3,-25.2,1.2,-12.2,-9.9,-7.7
408-421,LVRYTKKVPQVSTP,825,-8.5,-26.6,1.1,-12.3,-9.9,-7.8
408-422,LVRYTKKVPQVSTPT,1407,-8.7,-27.1,1.1,-12.4,-9.9,-7.7
EPIX4,LVRYTKKVPQVSTPTL,3709,-8.8,-28.0,1.0,-16.9,-10.0,-8.0
JM#1,ILRWSKKVPCVS,732,-7.7,-26.2,1.0,-12.6,-9.8,-8.4
JM#10,IFRWSRKVPCVS,315,-8.4,-27.9,1.0,-14.1,-10.0,-8.5
JM#103,FVRWSKKVPCVS,8748,-7.9,-27.1,1.0,-12.1,-9.9,-8.5
JM#105,IIRWSKKVPCVS,966,-7.8,-25.8,0.9,-12.5,-9.8,-8.5
JM#111,FLRWSRKLPCVS,3353,-8.2,-28.7,1.2,-14.2,-10.1,-8.5
JM#112,PLRWSRKLPCVS,3371,-7.7,-24.8,1.0,-14.5,-9.9,-8.6
JM#113,IIRWSRKLPCVS,1099,-7.6,-26.6,1.1,-12.9,-9.9,-8.5
JM#122,ILRWSRKLPSVS,130,-8.2,-26.5,1.1,-13.3,-10.0,-8.2
JM#123,ILKSSKLPCLS,>10000,-7.6,-20.6,0.8,-9.2,-9.6,-8.1
JM#125,ILRHSRGPS,>10000,-7,-20.2,0.9,-9.9,-9.6,-8.1
JM#126,IPKWSRGVS,>10000,-6.9,-19.8,0.7,-9.3,-9.7,-7.6
JM#127,ILKQSRKAPL,>10000,-6.7,-20.9,0.9,-10.2,-9.6,-7.9
JM#128,ILRTSRFISS,>10000,-8.2,-20.3,1.0,-10.4,-9.7,-7.5
JM#129,IVRSRKGGTVS,>10000,-7.6,-19.3,1.0,-10.7,-9.6,-8.0
JM#13,ILRWSRKMPCVS,271,-7.9,-27.0,1.1,-13.9,-10.0,-8.5
JM#130,IVRWSPPCVS,>10000,-7.4,-23.5,0.7,-10.0,-9.8,-7.9
JM#131,IVKSKKAPCVS,>10000,-7.8,-18.9,0.7,-8.9,-9.7,-8.3
JM#132,IVRKKVPCPS,>10000,-6.9,-20.1,0.9,-10.8,-9.7,-8.3
JM#133,IVRWSKYVS,1584,-6.8,-24.0,0.9,-10.8,-9.7,-7.3
JM#134,IVKSHKAPCVS,>10000,-7.3,-19.3,0.7,-9.0,-9.7,-8.3
JM#135,IVRSSRKVVS,>10000,-7.4,-19.9,1.0,-11.3,-9.7,-8.0
JM#136,IARSKRGPCAN,>10000,-7.5,-18.8,0.9,-11.3,-9.7,-8.4
JM#137,IVKNQRKVPV,>10000,-7.5,-19.9,0.8,-10.6,-9.7,-8.3
JM#138,VVRNSKAAFH,>10000,-7.4,-20.5,1.0,-9.9,-9.6,-8.1
JM#146,IYRWSRKMPCLS,584,-8.4,-26.4,1.3,-14.2,-10.0,-8.3
JM#151,IVRWSKKVPSVS,131,-8,-25.0,1.1,-12.4,-9.8,-8.2
JM#152,CLKLPGGSCM,>10000,-6.3,-15.1,0.5,-7.6,-9.4,-8.2
JM#153,CLRLPGGSC,>10000,-5.9,-20.2,1.0,-9.3,-9.6,-7.6
JM#154,NIRVGGTGMF,>10000,-7.2,-16.7,0.9,-9.0,-9.5,-7.6
JM#155,QKVVAGVANAL,>10000,-8.4,-13.0,0.4,-7.8,-9.4,-8.4
JM#156,SRVLNLGPI,>10000,-7.5,-15.6,0.6,-9.6,-9.4,-7.4
JM#157,MRRAPAFLSA,>10000,-7.4,-19.7,1.0,-9.5,-10.0,-8.1
JM#158,AGRGKLIAV,>10000,-5.8,-14.0,0.8,-9.2,-9.1,-7.9
JM#159,NEKRFYLK,>10000,-8.3,-19.2,0.5,-12.0,-9.8,-8.1
JM#160,SRDKALLRL,>10000,-7.8,-14.4,0.7,-12.1,-9.5,-7.4
JM#161,GKHVPRAVFV,>10000,-7.3,-14.8,0.6,-10.2,-9.7,-8.4
JM#162,SKSGRLLLAGY,>10000,-7.7,-15.2,0.6,-11.0,-9.6,-7.8
JM#18,ILRWSRKMPCLS,385,-7.3,-26.8,1.0,-14.1,-10.0,-8.4
JM#19,ILRWSRKMPCFS,262,-8.2,-26.6,1.1,-13.5,-10.0,-8.5
JM#20,ILRWSRKMPCMS,272.5,-8.3,-26.2,1.1,-13.3,-10.1,-8.6
JM#21,ILRWSRKLPCVS,77,-7.9,-26.9,1.1,-13.7,-9.9,-8.5
JM#23,ILRWSRKVPSVS,173,-7.7,-26.0,1.0,-13.0,-9.8,-8.2
JM#4,IVRWSHKVPCVS,535,-7.7,-26.0,0.8,-12.5,-9.8,-8.5
JM#9,ILRWSHKVPCVS,615,-7.6,-26.4,0.9,-12.2,-9.9,-8.5
JM#92,FVRYTKKVPQVSTPTL,>10000,-9,-29.3,1.1,-12.0,-10.0,-8.0
JM#93,PVRYTKKVPQVSTPTL,>10000,-9.1,-25.3,1.0,-17.8,-10.0,-8.2
JM#94,LIRYTKKVPQVSTPTL,6623,-8.7,-29.4,1.2,-12.9,-10.0,-7.9
WSC02,IVRWSKKVPCVS,268,-8,-25.7,1.0,-11.7,-9.9,-8.5
